Ticker,Name,Sector,P/B Ratio,NCA/BV Ratio,Equity Ratio %
3471.T,Mitsui Fudosan Logistics Park Inc.,-,0.28,-0.015,56.12
3296.T,NIPPON REIT Investment Corporation,-,0.29,-0.003,47.14
8972.T,KDX Realty Investment Corporation,-,0.29,-0.06,50.4
8952.T,Japan Real Estate Investment Corporation,-,0.3,-0.115,50.42
8951.T,Nippon Building Fund Inc.,-,0.31,-0.075,50.33
3290.T,"One REIT,Inc.",-,0.34,-0.001,45.8
8955.T,Japan Prime Realty Investment Corporation,-,0.34,-0.006,50.24
3226.T,Mitsui Fudosan Accommodations Fund Inc.,-,0.39,-0.091,46.36
3481.T,Mitsubishi Estate Logistics REIT Investment Corporation,-,0.44,-0.042,54.38
3287.T,"Hoshino Resorts REIT,Inc.",-,0.49,-0.002,58.14
8984.T,Daiwa House REIT Investment Corporation,-,0.52,-0.023,53.26
3468.T,Star Asia Investment Corporation,-,0.53,-0.017,49.28
3282.T,"Comforia Residential REIT,Inc",-,0.55,,N/A
8961.T,"MORI TRUST REIT,Inc.",-,0.59,-0.063,48.81
8976.T,Daiwa Office Investment Corporation,-,0.6,0.024,49.66
8967.T,"Japan Logistics Fund,Inc.",-,0.61,0.041,52.2
8953.T,Japan Metropolitan Fund Investment Corporation,-,0.65,-0.029,48.85
3472.T,Nippon Hotel & Residential Investment Corporation,-,0.7,-0.209,52.93
8954.T,ORIX JREIT Inc.,-,0.73,-0.067,48.96
3492.T,MIRARTH Real Estate Investment Corporation,-,0.81,-0.061,48.22
9204.T,Skymark Airlines Inc.,Air Transportation,0.72,-0.386,26.1
9202.T,ANA HOLDINGS INC.,Air Transportation,0.86,0.369,31.22
9233.T,"Asia Air Survey Co.,Ltd.",Air Transportation,0.86,0.521,55.42
9201.T,"Japan Airlines Co.,Ltd.",Air Transportation,0.89,0.264,34.89
9206.T,Star Flyer Inc.,Air Transportation,1.0,2.018,17.5
92025.T,Series 1 Bond-Type Class Shares of ANA HOLDINGS INC.,Air Transportation,1.45,N/A,N/A
7161.T,"Jimoto Holdings,Inc.",Banks,0.16,N/A,3.33
8383.T,"THE TOTTORI BANK,LTD.",Banks,0.27,N/A,4.34
8416.T,"THE BANK OF KOCHI,LTD.",Banks,0.28,N/A,4.4
8542.T,"TOMATO BANK,LTD.",Banks,0.29,N/A,4.1
7150.T,"THE SHIMANE BANK,LTD.",Banks,0.33,N/A,2.62
8537.T,"THE TAIKO BANK,LTD.",Banks,0.33,N/A,4.47
8364.T,"THE SHIMIZU BANK,LTD.",Banks,0.35,N/A,3.96
8365.T,"The Bank of Toyama,Ltd.",Banks,0.35,N/A,5.19
8349.T,"THE TOHOKU BANK,LTD.",Banks,0.39,N/A,3.5
8713.T,FIDEA Holdings Co.Ltd.,Banks,0.41,N/A,2.64
8563.T,"THE DAITO BANK,LTD.",Banks,0.42,N/A,3.74
8551.T,"The Kita-Nippon Bank,Ltd.",Banks,0.46,N/A,5.66
8338.T,"Tsukuba Bank,Ltd.",Banks,0.49,N/A,3.17
8562.T,"THE FUKUSHIMA BANK,LTD.",Banks,0.5,N/A,2.97
8541.T,"The Ehime Bank,Ltd.",Banks,0.54,N/A,4.57
8558.T,"THE TOWA BANK,LTD.",Banks,0.54,N/A,3.8
8600.T,"TOMONY Holdings,Inc.",Banks,0.56,N/A,5.59
8343.T,"THE AKITA BANK,LTD.",Banks,0.59,N/A,4.52
8550.T,"THE TOCHIGI BANK,LTD.",Banks,0.59,N/A,4.54
8387.T,"The Shikoku Bank, Ltd.",Banks,0.6,N/A,4.74
4234.T,"Sun A.Kaken Company,Limited",Chemicals,0.29,0.46,53.16
4102.T,"Maruo Calcium Co.,Ltd.",Chemicals,0.3,0.543,58.1
7877.T,"EIDAI KAKO CO.,LTD.",Chemicals,0.32,0.601,73.13
4615.T,"SHINTO PAINT COMPANY,LIMITED",Chemicals,0.33,0.042,42.49
7928.T,"ASAHI KAGAKU KOGYO CO.,LTD.",Chemicals,0.33,0.371,79.23
4625.T,"ATOMIX CO.,LTD.",Chemicals,0.34,0.45,68.9
4119.T,Nippon Pigment Holdings Company Limited,Chemicals,0.35,0.487,44.53
4242.T,TAKAGI SEIKO CORPORATION,Chemicals,0.37,0.457,31.11
5142.T,Achilles Corporation,Chemicals,0.37,0.421,49.48
4120.T,"SUGAI CHEMICAL INDUSTRY CO.,LTD.",Chemicals,0.39,0.364,64.93
4222.T,"KODAMA CHEMICAL INDUSTRY CO.,LTD.",Chemicals,0.39,-0.584,28.8
4624.T,"Isamu Paint Co.,Ltd.",Chemicals,0.39,0.361,82.45
4231.T,TIGERS POLYMER CORPORATION,Chemicals,0.4,0.587,72.28
6776.T,"Tensho Electric Industries Co.,Ltd.",Chemicals,0.4,0.079,48.02
4623.T,ASAHIPEN CORPORATION,Chemicals,0.42,0.427,65.72
4235.T,"Ultrafabrics Holdings Co.,Ltd.",Chemicals,0.43,0.004,45.77
4031.T,Katakura & Co-op Agri Corporation,Chemicals,0.44,0.333,47.54
4243.T,"NIX,INC.",Chemicals,0.44,0.664,74.66
7871.T,"FUKUVI CHEMICAL INDUSTRY CO.,LTD.",Chemicals,0.44,0.603,68.74
4406.T,"New Japan Chemical Co.,Ltd.",Chemicals,0.45,0.478,47.4
1443.T,"Giken Holdings Co.,Ltd.",Construction,0.3,0.167,67.53
1897.T,"The Kaneshita Construction Co.,Ltd.",Construction,0.33,0.581,82.25
1994.T,TAKAHASHI CURTAIN WALL CORPORATION,Construction,0.4,0.538,85.49
1718.T,"MIKIKOGYO CO.,LTD.",Construction,0.43,0.388,44.3
1420.T,Sanyo Homes Corporation,Construction,0.44,1.434,30.31
1811.T,THE ZENITAKA CORPORATION,Construction,0.47,0.392,46.85
1840.T,"TSUCHIYA HOLDINGS CO.,LTD.",Construction,0.48,0.379,48.32
1866.T,KITANO CONSTRUCTION CORP.,Construction,0.48,0.376,61.73
1807.T,"WATANABE SATO CO.,LTD.",Construction,0.49,0.483,60.24
1867.T,UEKI CORPORATION,Construction,0.49,0.539,56.98
1914.T,"JAPAN FOUNDATION ENGINEERING CO.,LTD.",Construction,0.5,0.35,72.23
1758.T,"Taiyo Kisokogyo Co.,Ltd.",Construction,0.53,0.601,76.32
1873.T,"NIHON HOUSE HOLDINGS CO.,LTD.",Construction,0.54,-0.011,51.12
1966.T,TAKADA CORPORATION,Construction,0.56,0.623,44.9
1850.T,"Nankai Tatsumura Construction Co.,Ltd.",Construction,0.59,0.893,40.33
1798.T,MORIYA CORPORATION,Construction,0.6,0.577,46.69
1887.T,JDC CORPORATION,Construction,0.62,0.86,47.08
1764.T,KUDO CORPORATION,Construction,0.64,,N/A
1911.T,"Sumitomo Forestry Co.,Ltd.",Construction,0.64,0.96,39.04
1960.T,Sanyo Engineering & Construction Inc.,Construction,0.66,0.422,51.6
6513.T,"Origin Company,Limited",Electric Appliances,0.25,0.703,52.55
3856.T,Abalance Corporation,Electric Appliances,0.26,0.246,16.05
6899.T,ASTI CORPORATION,Electric Appliances,0.28,0.716,53.3
6771.T,"IKEGAMI TSUSHINKI CO.,LTD.",Electric Appliances,0.29,0.922,47.36
6943.T,"NKK SWITCHES CO.,LTD.",Electric Appliances,0.29,0.622,84.82
6699.T,"DIAMOND ELECTRIC HOLDINGS Co.,Ltd.",Electric Appliances,0.31,-0.223,14.37
6986.T,FUTABA CORPORATION,Electric Appliances,0.32,0.679,76.33
6964.T,"SANKO CO.,LTD.",Electric Appliances,0.36,0.624,70.84
6664.T,"OPTOELECTRONICS CO.,LTD.",Electric Appliances,0.37,1.028,45.56
6615.T,"UMC Electronics Co.,Ltd.",Electric Appliances,0.43,-0.02,20.77
6619.T,W-SCOPE Corporation,Electric Appliances,0.43,-0.115,78.71
6276.T,"SiriusVision CO.,LTD.",Electric Appliances,0.44,0.855,66.24
7280.T,MITSUBA Corporation,Electric Appliances,0.46,0.61,28.69
6743.T,"Daido Signal Co.,Ltd.",Electric Appliances,0.48,0.649,53.5
6844.T,"Shindengen Electric Manufacturing Co.,Ltd.",Electric Appliances,0.49,0.805,48.46
6907.T,"GEOMATEC CO.,LTD.",Electric Appliances,0.49,0.553,55.66
6694.T,ZOOM CORPORATION,Electric Appliances,0.5,1.16,30.1
6897.T,TWINBIRD CORPORATION,Electric Appliances,0.51,0.456,71.25
6867.T,LEADER ELECTRONICS CORPORATION,Electric Appliances,0.52,0.846,70.7
6654.T,"FUJI ELECTRIC INDUSTRY CO.,LTD.",Electric Appliances,0.53,,N/A
9501.T,"Tokyo Electric Power Company Holdings,Incorporated",Electric Power and Gas,0.25,-0.606,25.08
9514.T,EF-ON INC.,Electric Power and Gas,0.36,0.216,40.28
9537.T,"HOKURIKU GAS CO.,LTD.",Electric Power and Gas,0.37,0.132,74.91
9505.T,Hokuriku Electric Power Company,Electric Power and Gas,0.38,0.283,20.47
9511.T,"The Okinawa Electric Power Company,Incorporated",Electric Power and Gas,0.38,-0.259,24.25
9535.T,"HIROSHIMA GAS CO.,LTD.",Electric Power and Gas,0.38,0.346,52.67
9504.T,"The Chugoku Electric Power Company,Incorporated",Electric Power and Gas,0.4,0.086,16.22
9539.T,"KEIYO GAS CO.,LTD.",Electric Power and Gas,0.41,0.127,56.78
9509.T,"Hokkaido Electric Power Company,Incorporated",Electric Power and Gas,0.42,-0.185,17.47
9506.T,"Tohoku Electric Power Company,Incorporated",Electric Power and Gas,0.45,-0.01,18.25
7162.T,"ASTMAX Co.,Ltd.",Electric Power and Gas,0.48,0.583,33.7
9513.T,"Electric Power Development Co.,Ltd.",Electric Power and Gas,0.5,0.195,36.42
9507.T,"Shikoku Electric Power Company,Incorporated",Electric Power and Gas,0.61,0.232,25.96
9508.T,"Kyushu Electric Power Company,Incorporated",Electric Power and Gas,0.65,-0.168,17.31
9502.T,"Chubu Electric Power Company,Incorporated",Electric Power and Gas,0.67,-0.04,39.11
9543.T,"SHIZUOKA GAS CO.,LTD.",Electric Power and Gas,0.67,0.292,67.04
9534.T,"HOKKAIDO GAS CO.,LTD.",Electric Power and Gas,0.69,0.063,44.18
9536.T,"SAIBU GAS HOLDINGS CO.,LTD.",Electric Power and Gas,0.69,0.014,23.19
9503.T,"The Kansai Electric Power Company,Incorporated",Electric Power and Gas,0.75,0.095,31.76
9519.T,"RENOVA,Inc.",Electric Power and Gas,0.75,0.622,16.81
1376.T,"KANEKO SEEDS CO.,LTD.","Fishery, Agriculture and Forestry",0.61,0.611,50.72
1301.T,"KYOKUYO CO.,LTD.","Fishery, Agriculture and Forestry",0.66,0.891,36.52
1333.T,Umios Corporation,"Fishery, Agriculture and Forestry",0.77,0.774,33.7
1379.T,HOKUTO CORPORATION,"Fishery, Agriculture and Forestry",0.88,0.243,52.78
1381.T,"AXYZ CO.,Ltd.","Fishery, Agriculture and Forestry",0.91,0.469,86.14
1377.T,SAKATA SEED CORPORATION,"Fishery, Agriculture and Forestry",1.02,0.582,84.46
1332.T,Nissui Corporation,"Fishery, Agriculture and Forestry",1.27,0.384,43.64
1382.T,"HOB Co.,Ltd.","Fishery, Agriculture and Forestry",1.59,1.029,70.69
1384.T,"Hokuryo Co.,Ltd.","Fishery, Agriculture and Forestry",1.77,0.229,73.65
1380.T,"AKIKAWA FOODS & FARMS CO.,LTD.","Fishery, Agriculture and Forestry",1.93,0.112,30.62
1383.T,"Berg Earth co.,ltd.","Fishery, Agriculture and Forestry",2.43,0.382,34.92
1375.T,"YUKIGUNI FACTORY CO.,LTD.","Fishery, Agriculture and Forestry",2.86,0.162,32.66
2055.T,"NICHIWA SANGYO CO.,LTD.",Foods,0.31,0.68,61.39
2917.T,"OHMORIYA Co.,LTD.",Foods,0.39,0.685,48.94
2221.T,"IWATSUKA CONFECTIONERY CO.,LTD.",Foods,0.44,0.108,74.59
4404.T,"Miyoshi Oil & Fat Co.,Ltd.",Foods,0.45,0.322,50.65
2215.T,"FIRST BAKING CO.,LTD.",Foods,0.48,0.422,52.34
2911.T,"ASAHIMATSU FOODS CO.,LTD.",Foods,0.49,0.454,80.04
2286.T,"Hayashikane Sangyo Co.,Ltd.",Foods,0.51,0.395,42.67
2877.T,NittoBest Corporation,Foods,0.53,0.254,40.3
2112.T,"Ensuiko Sugar Refining Co.,Ltd.",Foods,0.56,0.109,56.52
2907.T,"AHJIKAN CO.,LTD.",Foods,0.56,0.315,64.65
2806.T,YUTAKA FOODS CORPORATION,Foods,0.58,0.381,87.37
2613.T,"J-OIL MILLS, INC.",Foods,0.59,0.604,62.18
2266.T,"ROKKO BUTTER CO.,LTD.",Foods,0.6,0.35,54.68
2908.T,"FUJICCO CO.,LTD.",Foods,0.61,0.375,86.36
2292.T,S Foods Inc.,Foods,0.62,0.59,52.81
2819.T,"EBARA Foods Industry,Inc.",Foods,0.64,0.554,72.22
2892.T,"NIHON SHOKUHIN KAKO CO.,LTD.",Foods,0.65,0.446,52.98
2916.T,"Semba Tohka Industries Co.,Ltd",Foods,0.65,0.379,57.33
2291.T,"FUKUTOME MEAT PACKERS,LTD.",Foods,0.66,-1.353,14.74
2831.T,HAGOROMO FOODS CORPORATION,Foods,0.66,0.419,60.21
5380.T,SHINTO COMPANY LIMITED,Glass and Ceramics Products,0.25,0.013,52.86
5204.T,"ISHIZUKA GLASS CO.,LTD.",Glass and Ceramics Products,0.31,0.603,33.77
5269.T,"NIPPON CONCRETE INDUSTRIES CO.,LTD.",Glass and Ceramics Products,0.39,0.218,47.85
5279.T,"NIHON KOGYO CO.,LTD.",Glass and Ceramics Products,0.39,0.212,48.82
5202.T,"Nippon Sheet Glass Company,Limited",Glass and Ceramics Products,0.45,-0.798,10.46
5391.T,A&A Material Corporation,Glass and Ceramics Products,0.46,0.287,45.68
5210.T,"Nihon Yamamura Glass Co.,Ltd.",Glass and Ceramics Products,0.47,0.383,57.75
5282.T,GEOSTR Corporation,Glass and Ceramics Products,0.47,0.559,64.65
5368.T,"JAPAN INSULATION CO.,LTD.",Glass and Ceramics Products,0.54,0.626,76.91
5237.T,NOZAWA CORPORATION,Glass and Ceramics Products,0.61,0.485,68.34
5388.T,"KUNIMINE INDUSTRIES CO.,LTD.",Glass and Ceramics Products,0.66,0.703,83.39
5363.T,TYK CORPORATION,Glass and Ceramics Products,0.68,0.699,69.13
5304.T,"SEC CARBON,LIMITED",Glass and Ceramics Products,0.69,0.574,90.65
5355.T,"Nippon Crucible Co.,Ltd.",Glass and Ceramics Products,0.7,0.508,49.89
5233.T,TAIHEIYO CEMENT CORPORATION,Glass and Ceramics Products,0.71,0.027,45.07
5271.T,"TOYO ASANO FOUNDATION CO.,LTD.",Glass and Ceramics Products,0.73,0.307,25.99
5218.T,OHARA INC.,Glass and Ceramics Products,0.77,0.583,77.64
5351.T,"SHINAGAWA REFRA CO.,LTD.",Glass and Ceramics Products,0.8,0.551,45.59
7943.T,NICHIHA CORPORATION,Glass and Ceramics Products,0.8,0.411,70.26
5356.T,"MINO CERAMIC CO.,LTD.",Glass and Ceramics Products,0.84,0.535,67.99
351A.T,AXIS IT Partners Corp.,Information & Communication,0.32,0.792,64.34
3787.T,"Techno Mathematical Co.,Ltd.",Information & Communication,0.38,0.529,95.6
4839.T,WOWOW INC.,Information & Communication,0.41,0.575,67.69
9405.T,ASAHI BROADCASTING GROUP HOLDINGS CORPORATION,Information & Communication,0.41,0.379,59.57
9444.T,"TOSHIN HOLDINGS CO.,LTD",Information & Communication,0.43,-1.867,9.74
4494.T,Vario Secure Inc.,Information & Communication,0.49,0.161,77.77
2138.T,"CROOZ,Inc.",Information & Communication,0.53,0.893,31.16
2484.T,"DEMAE-CAN CO.,LTD",Information & Communication,0.53,0.992,73.69
3851.T,"Nippon Ichi Software,Inc.",Information & Communication,0.53,0.623,70.54
9685.T,"KYCOM HOLDINGS CO.,LTD.",Information & Communication,0.53,0.376,56.37
3627.T,TECMIRA HOLDINGS INC.,Information & Communication,0.54,0.48,57.92
3758.T,Aeria Inc.,Information & Communication,0.54,0.977,40.29
4199.T,WonderPlanet Inc.,Information & Communication,0.57,1.688,30.0
3760.T,"CAVE Interactive CO.,LTD.",Information & Communication,0.6,0.894,46.96
9475.T,"Shobunsha Holdings,Inc.",Information & Communication,0.6,0.462,70.7
3710.T,"Jorudan Co.,Ltd.",Information & Communication,0.64,0.687,83.3
9408.T,"BSN MEDIA HOLDINGS,INC.",Information & Communication,0.64,0.451,72.62
3639.T,Voltage Incorporation,Information & Communication,0.65,0.766,76.69
9414.T,Nippon BS Broadcasting Corporation,Information & Communication,0.66,0.609,90.81
3768.T,Riskmonster.com,Information & Communication,0.68,0.29,82.47
7181.T,"JAPAN POST INSURANCE Co.,Ltd.",Insurance,0.37,N/A,5.44
8630.T,"Sompo Holdings,Inc.",Insurance,1.02,N/A,26.46
7326.T,"SBI Insurance Group Co.,Ltd.",Insurance,1.13,N/A,19.48
8795.T,"T&D Holdings, Inc.",Insurance,1.31,N/A,7.83
8725.T,"MS&AD Insurance Group Holdings,Inc.",Insurance,1.32,N/A,15.25
8750.T,"Daiichi Life Group,Inc.",Insurance,1.41,N/A,4.99
7157.T,LIFENET INSURANCE COMPANY,Insurance,1.45,N/A,79.28
8729.T,Sony Financial Group Inc.,Insurance,1.5,N/A,N/A
7325.T,IRRC Corporation,Insurance,1.51,0.435,70.04
7343.T,"Broad-Minded Co.,Ltd.",Insurance,1.63,0.65,73.64
8766.T,"Tokio Marine Holdings,Inc.",Insurance,2.42,N/A,16.25
8715.T,"Anicom Holdings,Inc.",Insurance,3.09,N/A,38.72
7388.T,FP Partner Inc.,Insurance,4.51,0.385,64.24
8798.T,"Advance Create Co.,Ltd.",Insurance,9.42,2.367,5.44
5491.T,"NIPPON KINZOKU CO.,LTD.",Iron and Steel,0.2,0.348,39.85
5603.T,KOGI CORPORATION,Iron and Steel,0.25,0.576,42.58
5410.T,"Godo Steel,Ltd.",Iron and Steel,0.26,0.42,52.84
5446.T,"HOKUETSU METAL Co.,Ltd.",Iron and Steel,0.27,0.37,66.67
5408.T,"NAKAYAMA STEEL WORKS,LTD.",Iron and Steel,0.3,0.614,71.61
5658.T,"NICHIA STEEL WORKS,LTD.",Iron and Steel,0.3,0.465,71.62
5440.T,KYOEI STEEL LTD.,Iron and Steel,0.36,0.532,57.53
5609.T,NIPPON CHUZO K.K.,Iron and Steel,0.36,0.395,53.23
5411.T,"JFE Holdings,Inc.",Iron and Steel,0.39,0.354,44.79
5697.T,"SANYU CO.,LTD.",Iron and Steel,0.41,0.571,51.07
5660.T,"KOBELCO WIRE COMPANY,LTD.",Iron and Steel,0.42,0.535,54.49
5612.T,NIPPON CHUTETSUKAN K.K.,Iron and Steel,0.5,0.449,41.75
5401.T,NIPPON STEEL CORPORATION,Iron and Steel,0.52,0.411,49.2
5406.T,"Kobe Steel,Ltd.",Iron and Steel,0.61,0.432,40.19
5464.T,MORY INDUSTRIES INC.,Iron and Steel,0.61,0.577,79.48
5480.T,"Nippon Yakin kogyo Co.,Ltd.",Iron and Steel,0.62,0.286,44.34
5695.T,"Powdertech Co.,Ltd.",Iron and Steel,0.62,0.527,80.82
5449.T,"OSAKA STEEL CO.,LTD.",Iron and Steel,0.63,0.439,76.66
5541.T,"PACIFIC METALS CO.,LTD.",Iron and Steel,0.63,0.553,93.86
5632.T,"Mitsubishi Steel Mfg.Co.,Ltd.",Iron and Steel,0.67,0.888,30.75
9063.T,"Okayamaken Freight Transportation CO.,LTD.",Land Transportation,0.29,0.002,49.32
9036.T,"TOHBU NETWORK CO.,LTD.",Land Transportation,0.33,0.218,81.89
9060.T,JAPAN LOGISTIC SYSTEMS CORP.,Land Transportation,0.34,-0.15,31.82
9017.T,"Niigata Kotsu Co.,Ltd.",Land Transportation,0.37,-0.746,33.73
9033.T,"Hiroshima Electric Railway Co.,Ltd.",Land Transportation,0.42,-0.371,40.08
9083.T,"Shinki Bus Co.,Ltd.",Land Transportation,0.44,0.049,73.75
9012.T,"Chichibu Railway Co.,Ltd.",Land Transportation,0.57,-0.391,29.61
9082.T,"Daiwa Motor Transportation Co.,Ltd.",Land Transportation,0.58,-0.438,30.68
9074.T,"Japan Oil Transportation Co.,Ltd.",Land Transportation,0.62,0.173,59.95
9022.T,Central Japan Railway Company,Land Transportation,0.63,0.252,44.56
9034.T,"NANSO Transport Co.,Ltd.",Land Transportation,0.65,0.078,65.66
9081.T,"Kanagawa Chuo Kotsu Co.,Ltd.",Land Transportation,0.66,-0.434,34.89
9052.T,"Sanyo Electric Railway Co.,Ltd.",Land Transportation,0.67,-0.017,46.92
9059.T,"Kanda Holdings Co.,Ltd.",Land Transportation,0.67,0.221,54.26
9031.T,"Nishi-Nippon Railroad Co.,Ltd.",Land Transportation,0.74,0.243,31.87
9046.T,"Kobe Electric Railway Co.,Ltd.",Land Transportation,0.74,-0.984,25.96
9048.T,"Nagoya Railroad Co., Ltd.",Land Transportation,0.74,-0.217,31.87
9073.T,"Kyogoku unyu shoji Co.,Ltd.",Land Transportation,0.75,0.057,51.65
9075.T,"FUKUYAMA TRANSPORTING CO.,LTD.",Land Transportation,0.87,-0.055,57.11
9025.T,"Konoike Transport Co.,Ltd.",Land Transportation,0.89,0.519,50.66
6467.T,NICHIDAI CORPORATION,Machinery,0.29,0.444,72.25
7021.T,"NITCHITSU CO.,LTD.",Machinery,0.29,0.393,69.6
6155.T,"TAKAMATSU MACHINERY CO.,LTD.",Machinery,0.31,0.591,74.3
6390.T,"KATO WORKS CO.,LTD.",Machinery,0.32,0.889,43.41
6408.T,"OGURA CLUTCH CO.,LTD.",Machinery,0.32,0.51,37.65
6317.T,Kitagawa Corporation,Machinery,0.34,0.386,50.89
6138.T,"DIJET INDUSTRIAL CO.,LTD.",Machinery,0.35,0.615,49.76
6218.T,ENSHU Limited,Machinery,0.36,0.562,34.81
6343.T,FREESIA MACROSS CORPORATION,Machinery,0.36,0.406,37.79
6222.T,"SHIMA SEIKI MFG.,LTD.",Machinery,0.37,0.728,78.18
6428.T,OIZUMI Corporation,Machinery,0.38,0.508,46.99
6262.T,"PEGASUS CO.,LTD.",Machinery,0.39,0.717,70.01
6464.T,"TSUBAKI NAKASHIMA CO.,LTD.",Machinery,0.4,0.033,24.42
6425.T,Universal Entertainment Corporation,Machinery,0.42,0.399,34.71
7991.T,"MAMIYA-OP CO.,LTD",Machinery,0.42,0.73,61.81
6393.T,"YUKEN KOGYO CO.,LTD.",Machinery,0.43,0.705,51.48
6292.T,"KAWATA MFG. CO.,LTD.",Machinery,0.44,0.835,52.23
6316.T,"MARUYAMA MFG.CO.,INC.",Machinery,0.45,0.37,52.67
6022.T,Akasaka Diesels Ltd.,Machinery,0.47,0.406,63.83
6150.T,"TAKEDA MACHINERY CO.,LTD.",Machinery,0.47,0.711,68.47
9130.T,"KYOEI TANKER CO.,LTD.",Marine Transportation,0.41,-0.01,32.42
9171.T,"Kuribayashi Steamship Co.,Ltd.",Marine Transportation,0.61,0.261,37.36
9115.T,"Meiji Shipping Group Co.,Ltd.",Marine Transportation,0.63,-0.015,16.28
9127.T,"TAMAI STEAMSHIP CO.,LTD",Marine Transportation,0.67,0.437,73.24
9104.T,"Mitsui O.S.K.Lines,Ltd.",Marine Transportation,0.69,0.017,53.9
9101.T,Nippon Yusen Kabushiki Kaisha,Marine Transportation,0.74,0.059,67.56
9110.T,"NS United Kaiun Kaisha,Ltd.",Marine Transportation,0.94,0.438,56.52
9107.T,"Kawasaki Kisen Kaisha,Ltd.",Marine Transportation,0.95,0.12,74.59
9119.T,"IINO KAIUN KAISHA,LTD.",Marine Transportation,1.0,-0.18,47.48
9308.T,"Inui Global Logistics Co.,Ltd.",Marine Transportation,1.04,0.33,49.23
9173.T,"Tokai Kisen Co.,Ltd.",Marine Transportation,1.28,0.348,25.43
5932.T,"Sankyo Tateyama,Inc.",Metal Products,0.2,0.282,30.37
3422.T,"J-MAX Co.,Ltd.",Metal Products,0.29,0.027,32.2
5915.T,KOMAIHALTEC Inc.,Metal Products,0.29,0.753,45.91
5918.T,"The Takigami Steel Construction Co.,Ltd.",Metal Products,0.29,0.308,67.42
3434.T,ALPHA Corporation,Metal Products,0.3,0.394,52.32
3439.T,Mitsuchi Corporation,Metal Products,0.3,0.579,60.68
5994.T,"FINE SINTER CO.,LTD.",Metal Products,0.3,-0.004,29.47
5956.T,"TOSO CO.,LTD.",Metal Products,0.31,0.7,66.2
5973.T,TOAMI CORPORATION,Metal Products,0.32,0.268,56.44
5984.T,KANEFUSA CORPORATION,Metal Products,0.32,0.537,79.43
5986.T,"MOLITEC STEEL CO.,LTD.",Metal Products,0.32,0.51,39.81
7985.T,NEPON Inc.,Metal Products,0.32,0.812,38.73
5900.T,"DAIKEN CO.,LTD.",Metal Products,0.33,0.574,83.69
5909.T,CORONA CORPORATION,Metal Products,0.34,0.391,74.62
5940.T,"FUJISASH CO.,LTD.",Metal Products,0.35,0.507,27.73
5921.T,"Kawagishi Bridge Works Co.,Ltd.",Metal Products,0.38,0.705,82.75
5997.T,KYORITSU AIR TECH INC.,Metal Products,0.4,0.415,62.64
5970.T,G-TEKT CORPORATION,Metal Products,0.41,0.323,61.61
5974.T,"CHUGOKUKOGYO CO.,LTD.",Metal Products,0.41,0.368,43.25
5928.T,"ALMETAX MANUFACTURING CO,LTD.",Metal Products,0.42,0.463,81.76
1662.T,"Japan Petroleum Exploration Co.,Ltd.",Mining,0.71,0.344,77.43
1605.T,INPEX CORPORATION,Mining,0.88,0.057,61.37
1663.T,K&O Energy Group Inc.,Mining,1.02,0.386,82.52
1514.T,"Sumiseki Holdings,Inc.",Mining,1.19,0.743,96.48
1515.T,"Nittetsu Mining Co.,Ltd.",Mining,1.21,0.328,58.91
5852.T,AHRESTY CORPORATION,Nonferrous Metals,0.31,0.009,38.77
5820.T,"MITSUBOSHI CO.,LTD.",Nonferrous Metals,0.35,0.685,52.07
5851.T,RYOBI LIMITED,Nonferrous Metals,0.47,0.388,52.21
5819.T,"Canare Electric Co.,Ltd.",Nonferrous Metals,0.63,0.653,90.39
5858.T,"STG CO.,LTD.",Nonferrous Metals,0.67,0.611,36.43
5757.T,"CK SAN-ETSU Co.,Ltd.",Nonferrous Metals,0.72,0.726,60.09
5816.T,"Onamba Co.,Ltd.",Nonferrous Metals,0.78,0.677,66.0
5703.T,"Nippon Light Metal Holdings Company,Ltd.",Nonferrous Metals,0.81,0.508,42.83
5715.T,"FURUKAWA CO.,LTD.",Nonferrous Metals,0.85,0.487,50.88
5711.T,Mitsubishi Materials Corporation,Nonferrous Metals,0.87,0.247,28.51
5707.T,"Toho Zinc Co.,Ltd.",Nonferrous Metals,0.92,5.144,10.15
5742.T,"NIC Autotec,Inc.",Nonferrous Metals,0.92,0.319,46.47
5729.T,"NIHON SEIKO CO.,LTD",Nonferrous Metals,0.93,0.623,56.99
5702.T,"DAIKI ALUMINIUM INDUSTRY CO.,LTD.",Nonferrous Metals,1.0,0.673,44.74
5817.T,"JMACS Japan Co.,Ltd.",Nonferrous Metals,1.04,0.554,50.99
1491.T,"Chugai Mining Co.,Ltd.",Nonferrous Metals,1.09,0.756,49.51
5713.T,"Sumitomo Metal Mining Co.,Ltd.",Nonferrous Metals,1.12,0.256,60.15
5753.T,"NIPPON SHINDO CO.,LTD.",Nonferrous Metals,1.15,0.778,72.28
5857.T,"ARE Holdings,Inc.",Nonferrous Metals,1.19,0.858,25.77
5704.T,JMC Corporation,Nonferrous Metals,1.29,0.308,57.54
5010.T,"NIPPON SEIRO CO.,LTD.",Oil and Coal Products,0.69,-0.211,23.37
5011.T,"NICHIREKI GROUP CO.,LTD.",Oil and Coal Products,0.72,0.516,68.81
5018.T,MORESCO Corporation,Oil and Coal Products,0.74,0.503,56.63
3315.T,"NIPPON COKE & ENGINEERING COMPANY,LIMITED",Oil and Coal Products,0.85,-0.053,31.85
5019.T,"Idemitsu Kosan Co.,Ltd.",Oil and Coal Products,0.88,0.321,36.02
5013.T,Yushiro Inc.,Oil and Coal Products,0.9,0.419,68.5
5021.T,"COSMO ENERGY HOLDINGS COMPANY,LIMITED",Oil and Coal Products,0.95,0.229,27.12
5020.T,"ENEOS Holdings,Inc.",Oil and Coal Products,1.02,0.519,35.28
5015.T,BP Castrol K.K.,Oil and Coal Products,3.25,0.866,77.59
8783.T,"abc Co.,Ltd.",Other Financing Business,0.42,-0.082,35.43
8772.T,"ASAX CO.,LTD.",Other Financing Business,0.49,1.77,41.48
8584.T,"JACCS CO.,LTD.",Other Financing Business,0.52,7.053,6.53
8585.T,Orient Corporation,Other Financing Business,0.57,4.759,8.31
2388.T,"Wedge Holdings CO.,LTD.",Other Financing Business,0.63,0.905,80.61
8570.T,"AEON Financial Service Co.,Ltd.",Other Financing Business,0.66,N/A,5.99
8793.T,NEC Capital Solutions Limited,Other Financing Business,0.67,3.558,9.88
8596.T,"KYUSHU LEASING SERVICE CO.,LTD.",Other Financing Business,0.7,2.373,21.04
8424.T,"Fuyo General Lease Co.,Ltd.",Other Financing Business,0.74,1.554,13.33
8508.T,"J Trust Co.,Ltd.",Other Financing Business,0.77,6.443,12.27
8566.T,"RICOH LEASING COMPANY,LTD.",Other Financing Business,0.77,3.396,17.01
8253.T,"Credit Saison Co.,Ltd.",Other Financing Business,0.78,5.129,15.11
8425.T,"Mizuho Leasing Company,Limited",Other Financing Business,0.82,1.438,9.82
547A.T,Muninova Holdings Inc.,Other Financing Business,0.84,2.512,15.05
7192.T,Mortgage Service Japan Limited,Other Financing Business,0.9,0.972,39.72
8593.T,Mitsubishi HC Capital Inc.,Other Financing Business,0.92,1.373,15.23
8572.T,"ACOM CO.,LTD.",Other Financing Business,0.97,1.698,43.97
7196.T,Casa Inc.,Other Financing Business,1.04,0.028,43.47
8439.T,Tokyo Century Corporation,Other Financing Business,1.04,1.158,15.04
7198.T,SBI ARUHI Corporation,Other Financing Business,1.07,3.97,20.42
7898.T,"WOOD ONE CO.,LTD.",Other Products,0.18,-0.037,43.78
7822.T,"Eidai Co.,Ltd.",Other Products,0.26,0.559,49.88
7879.T,NODA CORPORATION,Other Products,0.29,0.602,46.78
7887.T,"NANKAI PLYWOOD CO.,LTD.",Other Products,0.29,0.525,75.15
7983.T,Miroku Corporation,Other Products,0.29,0.572,49.15
7851.T,"KAWASE COMPUTER SUPPLIES CO.,LTD.",Other Products,0.3,0.386,69.85
7916.T,"MITSUMURA PRINTING CO.,LTD.",Other Products,0.3,0.284,63.41
7957.T,"FUJICOPIAN CO.,LTD.",Other Products,0.32,0.598,57.44
7857.T,"SEKI CO.,LTD.",Other Products,0.33,0.366,82.89
7975.T,"LIHIT LAB.,INC.",Other Products,0.33,0.555,79.19
7997.T,Kurogane Kosakusho Ltd.,Other Products,0.34,0.539,56.72
5962.T,"ASAKA INDUSTRIAL CO.,LTD.",Other Products,0.35,0.599,61.69
7902.T,"SONOCOM CO.,LTD.",Other Products,0.4,0.526,93.54
7883.T,"Sun Messe Co.,Ltd.",Other Products,0.42,0.213,60.01
7795.T,"KYORITSU CO.,LTD.",Other Products,0.45,0.27,41.74
7896.T,"SEVEN INDUSTRIES CO.,LTD.",Other Products,0.45,0.597,57.69
7938.T,REGAL CORPORATION,Other Products,0.46,0.442,48.54
7953.T,"KIKUSUI CHEMICAL INDUSTRIES CO.,LTD.",Other Products,0.47,0.566,58.73
7987.T,"NAKABAYASHI CO.,LTD.",Other Products,0.48,0.486,50.75
7820.T,"NIHON FLUSH CO.,LTD.",Other Products,0.51,0.509,71.4
4539.T,"NIPPON CHEMIPHAR CO.,LTD.",Pharmaceutical,0.29,0.929,38.45
4569.T,"KYORIN Pharmaceutical Co.,Ltd.",Pharmaceutical,0.46,0.741,70.39
4574.T,"TAIKO PHARMACEUTICAL CO.,LTD.",Pharmaceutical,0.49,0.695,69.42
4538.T,"Fuso Pharmaceutical Industries,Ltd.",Pharmaceutical,0.51,0.127,40.43
4548.T,SEIKAGAKU CORPORATION,Pharmaceutical,0.54,0.434,87.26
4577.T,"Daito Pharmaceutical Co.,Ltd.",Pharmaceutical,0.64,0.474,66.67
4524.T,"MORISHITA JINTAN CO.,LTD.",Pharmaceutical,0.68,0.44,67.9
4547.T,"KISSEI PHARMACEUTICAL CO.,LTD.",Pharmaceutical,0.68,0.433,85.64
4512.T,"WAKAMOTO PHARMACEUTICAL CO.,LTD.",Pharmaceutical,0.77,0.592,77.39
4534.T,"Mochida Pharmaceutical Co.,Ltd.",Pharmaceutical,0.8,0.725,81.62
4558.T,"CHUKYO IYAKUHIN CO.,LTD.",Pharmaceutical,0.84,0.465,49.87
4540.T,TSUMURA & CO.,Pharmaceutical,0.85,0.778,64.72
4559.T,"ZERIA PHARMACEUTICAL CO.,LTD.",Pharmaceutical,0.86,0.168,56.25
4516.T,"Nippon Shinyaku Co.,Ltd.",Pharmaceutical,0.94,0.483,87.09
4521.T,"KAKEN PHARMACEUTICAL CO.,LTD.",Pharmaceutical,0.97,0.531,80.16
4502.T,Takeda Pharmaceutical Company Limited,Pharmaceutical,1.0,0.002,48.67
4553.T,"TOWA PHARMACEUTICAL CO.,LTD.",Pharmaceutical,1.01,0.929,36.45
4886.T,"ASKA Pharmaceutical Holdings Co.,Ltd.",Pharmaceutical,1.04,0.538,64.96
4554.T,"Fuji Pharma Co.,Ltd.",Pharmaceutical,1.11,0.361,50.21
4887.T,"SAWAI GROUP HOLDINGS Co.,Ltd.",Pharmaceutical,1.11,0.564,49.03
7702.T,"JMS CO.,LTD.",Precision Instruments,0.26,0.493,50.14
5187.T,"CREATE MEDIC CO.,LTD.",Precision Instruments,0.57,0.747,81.08
7744.T,"Noritsu Koki Co.,Ltd.",Precision Instruments,0.68,0.45,75.7
7743.T,"SEED CO.,LTD.",Precision Instruments,0.77,0.141,34.9
7600.T,"Japan Medical Dynamic Marketing,INC.",Precision Instruments,0.83,0.673,73.3
7722.T,"KOKUSAI CO.,LTD.",Precision Instruments,0.83,0.8,53.86
7723.T,"Aichi Tokei Denki Co.,Ltd.",Precision Instruments,0.85,0.576,74.6
7769.T,"RHYTHM CO.,LTD.",Precision Instruments,0.85,0.703,69.43
7749.T,"MEDIKIT CO.,LTD.",Precision Instruments,0.88,0.6,86.06
7713.T,"SIGMA KOKI CO.,LTD.",Precision Instruments,1.0,0.577,86.86
7727.T,OVAL Corporation,Precision Instruments,1.01,0.561,64.77
8086.T,NIPRO CORPORATION,Precision Instruments,1.04,0.887,21.57
7731.T,NIKON CORPORATION,Precision Instruments,1.09,0.493,57.45
7782.T,"Sincere Co.,LTD.",Precision Instruments,1.09,0.934,52.36
7780.T,"Menicon Co.,Ltd.",Precision Instruments,1.28,0.653,45.97
6376.T,"NIKKISO CO.,LTD.",Precision Instruments,1.33,0.675,44.17
7979.T,SHOFU INC.,Precision Instruments,1.39,0.523,85.32
7715.T,"NAGANO KEIKI CO.,LTD.",Precision Instruments,1.44,0.536,58.84
7707.T,"Precision System Science Co.,Ltd.",Precision Instruments,1.55,0.64,64.77
255A.T,"GLTECHNO HOLDINGS,INC.",Precision Instruments,1.57,0.551,76.07
3863.T,"Nippon Paper Industries Co.,Ltd.",Pulp and Paper,0.28,0.33,28.3
3944.T,"Furubayashi Shiko Co.,Ltd.",Pulp and Paper,0.29,0.15,49.08
3958.T,"Sasatoku Printing Co.,Ltd.",Pulp and Paper,0.32,0.184,61.4
3947.T,"Dynapac Co.,Ltd.",Pulp and Paper,0.41,0.011,55.22
3877.T,"Chuetsu Pulp & Paper Co.,Ltd.",Pulp and Paper,0.42,0.044,46.67
3895.T,HAVIX CORPORATION,Pulp and Paper,0.44,0.609,59.02
3864.T,Mitsubishi Paper Mills Limited,Pulp and Paper,0.45,0.031,40.94
3955.T,"IMURA & Co.,Ltd.",Pulp and Paper,0.45,0.031,63.47
3943.T,"OHISHI SANGYO CO.,LTD.",Pulp and Paper,0.48,0.493,69.9
3954.T,SHOWA PAXXS CORPORATION,Pulp and Paper,0.48,0.52,70.24
3951.T,"ASAHI PRINTING CO.,LTD.",Pulp and Paper,0.49,0.442,48.64
3953.T,"OHMURA SHIGYO CO.,LTD.",Pulp and Paper,0.52,0.68,70.96
3892.T,"Okayama Paper Industries Co.,Ltd.",Pulp and Paper,0.56,0.559,78.01
3945.T,"Superbag Company,Limited",Pulp and Paper,0.58,0.597,32.3
3865.T,Hokuetsu Corporation,Pulp and Paper,0.59,0.368,63.29
3946.T,"TOMOKU CO.,LTD.",Pulp and Paper,0.6,0.388,44.84
3861.T,Oji Holdings Corporation,Pulp and Paper,0.62,0.061,41.81
3896.T,"AWA PAPER & TECHNOLOGICAL COMPANY,Inc.",Pulp and Paper,0.62,-0.002,19.78
3880.T,Daio Paper Corporation,Pulp and Paper,0.63,0.398,26.72
3941.T,"Rengo Co.,Ltd.",Pulp and Paper,0.7,0.125,37.32
8887.T,"SYLA Holdings Co.,Ltd.",Real Estate,0.01,0.903,66.07
8944.T,"LAND BUSINESS  CO.,LTD.",Real Estate,0.29,1.971,28.49
3293.T,"AZUMA HOUSE Co.,Ltd.",Real Estate,0.35,0.3,53.78
8917.T,"First Juken Co.,Ltd.",Real Estate,0.35,0.81,65.96
3238.T,"CENTRAL GENERAL DEVELOPMENT CO.,LTD.",Real Estate,0.36,1.673,22.58
8931.T,WADAKOHSAN CORPORATION,Real Estate,0.39,1.248,29.76
8881.T,"NISSHIN GROUP HOLDINGS Company,Limited",Real Estate,0.41,1.204,51.21
8891.T,"AMG HOLDINGS CO.,LTD.",Real Estate,0.41,1.059,37.45
8904.T,"AVANTIA CO.,LTD.",Real Estate,0.42,1.102,39.42
8938.T,"GLOME Holdings,Inc.",Real Estate,0.42,0.478,90.67
2984.T,"Yamaichi Real Estate Co.,Ltd",Real Estate,0.43,1.33,26.79
8860.T,FUJI CORPORATION LIMITED,Real Estate,0.46,1.169,29.84
8869.T,Meiwa Estate Company Limited,Real Estate,0.5,2.137,22.34
463A.T,"INTELLEX HOLDINGS Co.,Ltd.",Real Estate,0.51,1.161,25.38
5280.T,"Yoshicon Co.,Ltd.",Real Estate,0.52,0.857,61.92
8928.T,ANABUKI KOSAN INC.,Real Estate,0.53,1.481,29.41
8995.T,"Makoto Construction CO,Ltd",Real Estate,0.53,1.162,57.34
3280.T,"STrust Co.,Ltd.",Real Estate,0.54,0.925,21.71
3494.T,"Mullion Co.,Ltd.",Real Estate,0.55,0.139,25.37
3291.T,"Iida Group Holdings Co.,Ltd.",Real Estate,0.58,0.887,52.94
7578.T,"NICHIRYOKU CO.,LTD.",Retail Trade,0.16,-0.357,61.34
8181.T,"Totenko Co.,Ltd.",Retail Trade,0.27,0.017,61.38
8247.T,"Daiwa Co.,Ltd.",Retail Trade,0.28,-2.074,19.45
3396.T,FELISSIMO CORPORATION,Retail Trade,0.3,0.548,66.7
7524.T,MARCHE CORPORATION,Retail Trade,0.3,0.886,11.97
2673.T,"YUMEMITSUKETAI Co.,Ltd.",Retail Trade,0.31,0.109,73.51
5856.T,"Life Intelligent Enterprise Holdings Co.,Ltd.",Retail Trade,0.31,0.917,47.26
8166.T,"Taka-Q Co.,Ltd.",Retail Trade,0.33,1.592,18.9
2790.T,"NAFCO Co.,Ltd.",Retail Trade,0.34,0.224,68.37
8165.T,"SENSHUKAI CO.,LTD.",Retail Trade,0.34,0.514,65.16
8260.T,"IZUTSUYA CO.,LTD.",Retail Trade,0.34,-1.486,26.79
9854.T,"AIGAN CO.,LTD.",Retail Trade,0.35,0.504,86.7
8281.T,"XEBIO holdings CO.,LTD.",Retail Trade,0.36,0.527,59.68
9835.T,"JUNTENDO CO.,LTD.",Retail Trade,0.37,0.207,33.25
7509.T,I.A GROUP CORPORATION,Retail Trade,0.4,0.263,55.24
9846.T,"TENMAYA STORE CO.,LTD.",Retail Trade,0.4,-0.233,62.54
7494.T,"KONAKA CO.,LTD.",Retail Trade,0.42,-0.085,39.35
8217.T,"OKUWA CO.,LTD.",Retail Trade,0.43,-0.065,57.7
8230.T,"HASEGAWA CO.,LTD.",Retail Trade,0.44,0.275,62.96
9993.T,"YAMAZAWA CO.,LTD.",Retail Trade,0.44,-0.261,46.72
5189.T,"SAKURA RUBBER CO.,LTD.",Rubber Products,0.59,0.733,54.61
5194.T,"SAGAMI RUBBER INDUSTRIES CO.,LTD.",Rubber Products,0.59,-0.054,58.16
5199.T,"FUJI LATEX CO.,LTD.",Rubber Products,0.6,0.405,36.79
5185.T,"Fukoku Co.,Ltd.",Rubber Products,0.62,0.494,54.5
5162.T,ASAHI RUBBER INC.,Rubber Products,0.66,0.458,52.48
5110.T,"Sumitomo Rubber Industries,Ltd.",Rubber Products,0.72,0.418,49.05
5122.T,"OKAMOTO INDUSTRIES,INC.",Rubber Products,0.88,0.555,64.57
5184.T,"NICHIRIN CO.,LTD.",Rubber Products,0.89,0.673,68.5
5195.T,"Bando Chemical Industries,Ltd.",Rubber Products,0.97,0.391,68.05
5186.T,Nitta Corporation,Rubber Products,1.02,0.432,85.25
5101.T,"The Yokohama Rubber Company,Limited",Rubber Products,1.06,0.368,51.58
5105.T,Toyo Tire Corporation,Rubber Products,1.06,0.472,65.39
5192.T,Mitsuboshi Belting Ltd.,Rubber Products,1.09,0.58,74.74
5108.T,BRIDGESTONE CORPORATION,Rubber Products,1.16,0.475,63.71
5121.T,FUJIKURA COMPOSITES Inc.,Rubber Products,1.24,0.64,72.0
5161.T,"NISHIKAWA RUBBER CO.,LTD.",Rubber Products,1.26,0.525,63.54
5103.T,"Showa Holdings Co.,Ltd.",Rubber Products,2.44,0.589,26.6
8617.T,"The Kosei Securities Co.,Ltd.",Securities and Commodities Futures,0.31,0.484,72.18
8699.T,"HS Holdings Co.,Ltd.",Securities and Commodities Futures,0.35,N/A,74.89
8518.T,"Japan Asia Investment Company,Limited",Securities and Commodities Futures,0.45,1.251,44.21
7175.T,"The Imamura Securities Co.,Ltd.",Securities and Commodities Futures,0.52,0.647,61.35
8742.T,"KOBAYASHI YOKO CO.,LTD.",Securities and Commodities Futures,0.66,0.415,46.78
8747.T,"YUTAKA TRUSTY SECURITIES CO.,LTD.",Securities and Commodities Futures,0.69,0.68,10.96
8609.T,OKASAN SECURITIES GROUP INC.,Securities and Commodities Futures,0.81,N/A,15.09
7347.T,"Mercuria Holdings Co.,Ltd.",Securities and Commodities Futures,0.84,1.089,76.63
8700.T,"Maruhachi Securities Co.,Ltd.",Securities and Commodities Futures,0.84,0.699,76.57
8595.T,"JAFCO Group Co.,Ltd.",Securities and Commodities Futures,0.85,1.118,83.03
8737.T,Akatsuki Corp.,Securities and Commodities Futures,0.86,1.36,19.42
8705.T,"Nissan Securities Group Co.,Ltd.",Securities and Commodities Futures,0.89,0.959,8.78
8622.T,"Mito Securities Co.,Ltd.",Securities and Commodities Futures,0.9,0.677,63.16
8616.T,"Tokai Tokyo Financial Holdings,Inc.",Securities and Commodities Futures,0.92,1.545,12.91
8706.T,"KYOKUTO SECURITIES CO.,LTD.",Securities and Commodities Futures,0.93,N/A,65.66
8708.T,"AIZAWA SECURITIES GROUP CO.,LTD.",Securities and Commodities Futures,0.94,0.424,40.69
8473.T,"SBI Holdings,Inc.",Securities and Commodities Futures,1.04,1.923,3.93
8604.T,"Nomura Holdings, Inc.",Securities and Commodities Futures,1.06,N/A,6.11
7185.T,Hirose Tusyo Inc.,Securities and Commodities Futures,1.07,1.014,16.81
8746.T,unbanked inc.,Securities and Commodities Futures,1.17,0.944,74.85
9760.T,"SHINGAKUKAI HOLDINGS CO.,LTD.",Services,0.25,0.18,39.42
4679.T,"TAYA Co.,Ltd.",Services,0.29,-0.742,20.97
7372.T,Decollte Holdings Corporation,Services,0.37,-0.275,40.43
9791.T,BIKEN TECHNO CORPORATION,Services,0.38,0.466,53.66
4678.T,"SHUEI YOBIKO Co.,Ltd.",Services,0.43,0.016,48.13
9761.T,"TOKAI LEASE CO.,LTD.",Services,0.43,0.291,46.14
2168.T,Pasona Group Inc.,Services,0.45,0.75,50.91
6059.T,"UCHIYAMA HOLDINGS Co.,Ltd.",Services,0.47,0.535,45.85
4707.T,KITAC CORPORATION,Services,0.49,-0.165,55.59
7041.T,"CRG HOLDINGS CO.,LTD.",Services,0.49,-0.039,32.23
4341.T,SEIRYO ELECTRIC CORPORATION,Services,0.52,0.747,44.75
6579.T,"logly,Inc.",Services,0.53,0.716,43.62
9767.T,"NIKKEN KOGAKU CO.,LTD.",Services,0.54,0.69,70.3
2376.T,SCINEX CORPORATION,Services,0.55,0.563,54.31
4331.T,"TAKE AND GIVE. NEEDS Co.,Ltd.",Services,0.56,-0.147,33.97
9644.T,"TANABE CONSULTING GROUP CO.,LTD.",Services,0.58,0.615,74.39
9713.T,"THE ROYAL HOTEL,LIMITED",Services,0.58,0.508,55.98
2156.T,SAYLOR ADVERTISING INC.,Services,0.59,0.233,48.08
9248.T,"People, Dreams & Technologies Group Co.,Ltd.",Services,0.59,0.741,50.71
9656.T,GREENLAND RESORT COMPANY LIMITED,Services,0.59,-0.392,52.44
3600.T,FUJIX Ltd.,Textiles and Apparels,0.23,0.649,79.61
3204.T,Toabo Corporation,Textiles and Apparels,0.31,0.198,40.73
8040.T,"TOKYO SOIR CO.,LTD.",Textiles and Apparels,0.33,0.559,76.07
3109.T,SHIKIBO LTD.,Textiles and Apparels,0.35,0.244,41.13
3551.T,DYNIC CORPORATION,Textiles and Apparels,0.36,0.163,43.54
3577.T,Tokai Senko K.K.,Textiles and Apparels,0.37,0.475,48.12
3123.T,"SAIBO Co.,Ltd.",Textiles and Apparels,0.42,0.236,42.29
8013.T,"NAIGAI CO.,LTD.",Textiles and Apparels,0.42,0.675,55.59
3501.T,"SUMINOE Co.,Ltd.",Textiles and Apparels,0.44,0.395,32.83
3583.T,AuBEX CORPORATION,Textiles and Apparels,0.44,0.737,68.15
3524.T,"NITTO SEIMO CO.,LTD.",Textiles and Apparels,0.5,0.265,24.23
8029.T,LOOK HOLDINGS INCORPORATED,Textiles and Apparels,0.5,0.558,63.17
3529.T,"ATSUGI CO.,LTD.",Textiles and Apparels,0.51,0.366,77.52
8143.T,"LAPINE CO.,LTD.",Textiles and Apparels,0.56,0.058,27.76
3513.T,"ICHIKAWA CO.,LTD.",Textiles and Apparels,0.57,0.52,75.54
3571.T,"SOTOH CO.,LTD.",Textiles and Apparels,0.57,0.249,74.45
3611.T,MATSUOKA CORPORATION,Textiles and Apparels,0.6,0.667,51.83
3512.T,Nippon Felt Company Limited,Textiles and Apparels,0.65,0.425,80.12
3608.T,"TSI HOLDINGS CO.,LTD.",Textiles and Apparels,0.67,0.551,76.44
8127.T,YAMATO INTERNATIONAL INC.,Textiles and Apparels,0.67,0.332,74.31
7212.T,F-TECH INC.,Transportation Equipment,0.2,-0.011,29.01
7214.T,GMB CORPORATION,Transportation Equipment,0.22,0.266,26.1
7215.T,"FALTEC Co.,Ltd.",Transportation Equipment,0.23,0.524,27.77
7291.T,"NIHON PLAST CO.,LTD.",Transportation Equipment,0.23,0.254,41.26
7201.T,"NISSAN MOTOR CO.,LTD.",Transportation Equipment,0.25,0.858,26.06
7219.T,"HKS CO.,LTD.",Transportation Equipment,0.3,0.483,80.48
7247.T,MIKUNI CORPORATION,Transportation Equipment,0.3,0.379,34.49
7255.T,SAKURAI LTD.,Transportation Equipment,0.31,0.279,65.94
7294.T,YOROZU CORPORATION,Transportation Equipment,0.32,0.569,38.45
7399.T,"NANSIN CO.,LTD.",Transportation Equipment,0.32,0.695,81.27
7277.T,"TBK Co.,Ltd.",Transportation Equipment,0.33,0.305,53.17
7264.T,MURO CORPORATION,Transportation Equipment,0.34,0.427,72.38
7218.T,"TANAKA SEIMITSU KOGYO CO.,LTD.",Transportation Equipment,0.35,0.461,55.02
7266.T,"Imasen Electric Industrial Co.,Ltd.",Transportation Equipment,0.35,0.61,67.28
7284.T,"MEIWA INDUSTRY CO.,LTD.",Transportation Equipment,0.36,0.357,48.06
7261.T,Mazda Motor Corporation,Transportation Equipment,0.37,0.405,43.83
7279.T,HI-LEX CORPORATION,Transportation Equipment,0.4,0.481,63.23
7297.T,"CAR MATE MFG. CO.,LTD.",Transportation Equipment,0.4,0.992,72.97
7229.T,"YUTAKA GIKEN CO.,LTD.",Transportation Equipment,0.41,0.639,60.66
7231.T,"TOPY INDUSTRIES,LIMITED",Transportation Equipment,0.41,0.439,48.01
9355.T,RINKO CORPORATION,Warehousing and Harbor Transportation Service,0.29,-0.204,46.71
9193.T,"Tokyo Kisen Co.,Ltd.",Warehousing and Harbor Transportation Service,0.32,0.319,75.99
9365.T,TRADIA CORPORATION,Warehousing and Harbor Transportation Service,0.37,-0.027,43.09
9351.T,"TOYO WHARF & WAREHOUSE CO.,LTD.",Warehousing and Harbor Transportation Service,0.42,-0.03,53.63
9361.T,"FUSHIKI KAIRIKU UNSO CO.,LTD.",Warehousing and Harbor Transportation Service,0.42,0.159,47.96
9366.T,SANRITSU CORPORATION,Warehousing and Harbor Transportation Service,0.44,0.154,47.34
9313.T,Maruhachi Warehouse Company Limited,Warehousing and Harbor Transportation Service,0.45,-0.023,62.66
9311.T,ASAGAMI CORPORATION,Warehousing and Harbor Transportation Service,0.47,0.183,47.87
9306.T,"Toyo Logistics Co.,Ltd.",Warehousing and Harbor Transportation Service,0.51,0.159,54.84
9353.T,"SAKURAJIMA FUTO KAISHA,LTD.",Warehousing and Harbor Transportation Service,0.52,0.148,62.81
9312.T,"THE KEIHIN CO.,LTD.",Warehousing and Harbor Transportation Service,0.55,0.226,59.2
9324.T,Yasuda Logistics Corporation,Warehousing and Harbor Transportation Service,0.59,0.15,44.58
9380.T,"Azuma Shipping Co.,Ltd.",Warehousing and Harbor Transportation Service,0.63,0.119,42.41
9319.T,"Chuo Warehouse Co.,Ltd.",Warehousing and Harbor Transportation Service,0.66,0.131,77.71
9310.T,Japan Transcity Corporation,Warehousing and Harbor Transportation Service,0.67,0.302,55.13
9322.T,"KAWANISHI WAREHOUSE CO.,LTD.",Warehousing and Harbor Transportation Service,0.77,0.219,55.52
9368.T,"KIMURA UNITY CO.,LTD.",Warehousing and Harbor Transportation Service,0.8,0.399,60.74
9307.T,"Sugimura Warehouse Co.,Ltd.",Warehousing and Harbor Transportation Service,0.87,0.416,75.05
9362.T,"HYOKI KAIUN KAISHA,LTD.",Warehousing and Harbor Transportation Service,0.92,0.06,38.67
9303.T,"The Sumitomo Warehouse Co.,Ltd.",Warehousing and Harbor Transportation Service,0.95,0.124,59.98
9895.T,CONSEC CORPORATION,Wholesale Trade,0.28,0.325,66.27
8144.T,"Denkyo Group Holdings Co.,Ltd.",Wholesale Trade,0.3,0.481,73.93
5283.T,"TAKAMISAWA CO.,LTD.",Wholesale Trade,0.31,0.347,35.6
8025.T,"TSUKAMOTO CORPORATION CO.,LTD.",Wholesale Trade,0.32,-0.222,48.63
8077.T,TORQ Inc.,Wholesale Trade,0.32,0.315,41.98
8123.T,"T.KAWABE & CO.,LTD.",Wholesale Trade,0.32,0.334,57.12
7425.T,"HATSUHO SHOUJI CO.,LTD.",Wholesale Trade,0.33,0.552,45.12
7531.T,SEIWA CHUO HOLDINGS CORPORATION,Wholesale Trade,0.33,0.472,44.06
7414.T,"ONOKEN CO.,LTD.",Wholesale Trade,0.35,0.325,47.85
7426.T,Yamadai Corporation,Wholesale Trade,0.36,0.518,41.37
8089.T,Nice Corporation,Wholesale Trade,0.36,0.544,32.87
7538.T,"DAISUI CO.,LTD.",Wholesale Trade,0.37,0.724,46.12
8030.T,"Chuo Gyorui Co.,Ltd.",Wholesale Trade,0.37,0.254,42.85
8835.T,TAIHEIYO KOUHATSU INCORPORATED,Wholesale Trade,0.37,0.037,32.8
7422.T,"TOHO LAMAC CO.,LTD.",Wholesale Trade,0.38,0.657,67.44
7442.T,"NAKAYAMAFUKU CO.,LTD.",Wholesale Trade,0.38,0.535,68.31
7464.T,"SAFTEC CO.,LTD.",Wholesale Trade,0.38,0.624,58.16
7461.T,"KIMURA CO.,LTD.",Wholesale Trade,0.39,0.295,51.81
8138.T,SANKYO KASEI CORPORATION,Wholesale Trade,0.39,0.516,53.85
9885.T,"CHARLE CO.,LTD.",Wholesale Trade,0.39,0.632,87.51
